"savedsearch_name","Max Runtime","Avg Runtime","first_time","last_time"
"DMC Asset - Build Full","0.134","0.134000","1439779770.323","1439779770.323"
"DMC Asset - Build Standalone Asset Table","0.164","0.105000","1439756242.457","1439779314.270"
"avail_indexes","0.164","0.160500","1439757486.275","1439779314.243"
"savedsearch_state_lookup","0.204","0.198000","1439758976.302","1439780401.325"
"server_lookup","0.067","0.052500","1439757486.249","1439779314.183"
